City_ID,City,Lat,Lng,Max Temp,Humidity,Cloudiness,Wind Speed,Country,Date
0,Mirny,62.5353,113.9611,-26.5,97,100,1.09,RU,1645069569
1,Geraldton,-28.7667,114.6,40.23,10,0,10.29,AU,1645069569
2,Cabo San Lucas,22.8909,-109.9124,21.61,63,33,5.65,MX,1645069319
3,Cayenne,4.9333,-52.3333,26.16,84,75,1.54,GF,1645069547
4,Nang Rong,14.6377,102.7914,28.2,62,60,3.24,TH,1645069570
5,New Norfolk,-42.7826,147.0587,24.4,25,2,3.13,AU,1645069571
6,Seddon,-37.8068,144.8916,27.04,54,100,5.66,AU,1645069571
7,Punta Arenas,-53.15,-70.9167,11.73,58,73,12.15,CL,1645069427
8,Ushuaia,-54.8,-68.3,9.81,66,75,5.14,AR,1645069572
9,Tena,-0.9833,-77.8167,21.13,98,100,1.01,EC,1645069572
10,Inírida,3.8653,-67.9239,24.34,85,99,0.62,CO,1645069573
11,Salalah,17.0151,54.0924,19.05,59,0,1.54,OM,1645069573
12,Tonekābon,36.8163,50.8738,7.97,85,98,1.36,IR,1645069574
13,Flinders,-34.5833,150.8552,33.78,65,99,1.79,AU,1645069393
14,Yellowknife,62.456,-114.3525,-33.73,80,0,3.09,CA,1645069575
15,Jalu,29.0331,21.5482,13.5,81,100,4.87,LY,1645069575
16,Mar del Plata,-38.0023,-57.5575,18.38,73,20,10.28,AR,1645069416
17,Nikolskoye,59.7035,30.7861,2.15,97,100,7.31,RU,1645069576
18,Hobart,-42.8794,147.3294,24.59,29,0,6.69,AU,1645069346
19,Saskylakh,71.9167,114.0833,-31.38,97,66,3.33,RU,1645069577
20,Faya,18.3851,42.4509,12.06,90,12,1.6,SA,1645069577
21,Celestún,20.8667,-90.4,23.83,80,18,4.34,MX,1645069578
22,Atuona,-9.8,-139.0333,25.24,78,21,6.71,PF,1645069578
23,Kavieng,-2.5744,150.7967,28.09,71,100,0.54,PG,1645069579
24,Winsum,53.33,6.5208,9.56,72,92,18.85,NL,1645069580
25,Avarua,-21.2078,-159.775,25.03,94,75,5.14,CK,1645069580
26,Santa Cruz de la Sierra,-17.8,-63.1667,25.7,83,99,2.06,BO,1645069199
27,Hīt,33.6416,42.8251,11.0,51,19,3.78,IQ,1645069581
28,Pitimbu,-7.4706,-34.8086,26.33,73,20,3.26,BR,1645069562
29,Rikitea,-23.1203,-134.9692,25.53,73,28,5.96,PF,1645069581
30,Dikson,73.5069,80.5464,-33.56,99,85,2.27,RU,1645069582
31,Lashio,22.9333,97.75,23.36,27,9,1.49,MM,1645069582
32,Tuatapere,-46.1333,167.6833,22.32,45,100,0.98,NZ,1645069583
33,Nanortalik,60.1432,-45.2371,-12.41,69,76,12.95,GL,1645069315
34,Kérouané,9.2667,-9.0167,21.5,26,13,1.69,GN,1645069583
35,Jamestown,42.097,-79.2353,10.77,39,100,5.14,US,1645069382
36,Sibolga,1.7427,98.7792,25.02,93,87,2.54,ID,1645069584
37,George Town,5.4112,100.3354,28.96,80,20,2.06,MY,1645069558
38,Mataura,-46.1927,168.8643,26.07,30,39,2.27,NZ,1645069585
39,Chui,-33.6971,-53.4616,19.43,94,19,3.05,UY,1645069585
40,Vikulovo,56.8167,70.6107,-9.35,95,100,5.88,RU,1645069586
41,Sola,-13.8833,167.55,26.37,94,100,0.0,VU,1645069587
42,Karratha,-20.7377,116.8463,34.71,41,89,3.71,AU,1645069587
43,Kimbe,-5.5502,150.1429,30.77,64,54,2.94,PG,1645069588
44,Bambous Virieux,-20.3428,57.7575,27.34,83,40,3.6,MU,1645069588
45,Saint George,37.1041,-113.5841,8.68,39,0,1.34,US,1645069589
46,The Valley,18.217,-63.0578,25.92,74,4,11.01,AI,1645069304
47,Saint-Philippe,-21.3585,55.7679,25.77,74,67,4.82,RE,1645069589
48,Aasiaat,68.7098,-52.8699,-22.09,99,100,2.03,GL,1645069590
49,Castro,-24.7911,-50.0119,14.17,89,63,0.85,BR,1645069590
50,Nayoro,44.3506,142.4578,-2.99,79,100,4.0,JP,1645069591
51,Saint Paul Harbor,57.79,-152.4072,3.73,81,0,2.06,US,1645069592
52,Severo-Kuril'sk,50.6789,156.125,-1.67,92,100,3.61,RU,1645069592
53,Vaini,-21.2,-175.2,30.09,79,20,2.57,TO,1645069593
54,San Cristobal,7.7669,-72.225,22.1,65,100,0.78,VE,1645069593
55,Souillac,-20.5167,57.5167,27.42,83,40,3.6,MU,1645069594
56,Saint-François,46.4154,3.9054,12.45,82,100,5.66,FR,1645069594
57,Poum,-20.2333,164.0167,28.2,76,47,3.78,NC,1645069595
58,Ribeira Grande,38.5167,-28.7,17.11,78,100,10.29,PT,1645069595
59,Kruisfontein,-34.0033,24.7314,14.94,79,44,2.54,ZA,1645069596
60,San Andrés,12.5847,-81.7006,26.01,83,20,5.66,CO,1645069596
61,Carnarvon,-24.8667,113.6333,41.04,16,72,5.66,AU,1645069597
62,Khatanga,71.9667,102.5,-27.72,88,14,3.81,RU,1645069597
63,Hūn,29.1268,15.9477,8.44,78,34,2.72,LY,1645069598
64,Hilo,19.7297,-155.09,23.0,87,100,3.09,US,1645069435
65,Tiksi,71.6872,128.8694,-31.07,100,98,0.37,RU,1645069598
66,Prado,-17.3411,-39.2208,24.25,91,99,1.59,BR,1645069599
67,São Filipe,14.8961,-24.4956,22.94,64,99,3.34,CV,1645069600
68,Dolores,-36.3132,-57.6792,16.15,83,34,5.21,AR,1645069349
69,Vao,-22.6667,167.4833,26.42,80,88,7.62,NC,1645069468
70,Kaitangata,-46.2817,169.8464,19.96,75,2,4.39,NZ,1645069601
71,Saint Anthony,45.0205,-93.218,-6.04,63,0,5.66,US,1645069602
72,Dudinka,69.4058,86.1778,-31.82,100,87,2.99,RU,1645069602
73,Toora-Khem,52.4675,96.11,-16.07,87,59,0.7,RU,1645069603
74,Alépé,5.5004,-3.6631,26.93,97,95,1.18,CI,1645069603
75,Airai,-8.9266,125.4092,24.59,53,11,1.01,TL,1645069604
76,Thompson,55.7435,-97.8558,-28.91,76,0,3.6,CA,1645069604
77,Albany,42.6001,-73.9662,7.32,72,100,0.45,US,1645069506
78,Yerofey Pavlovich,53.9667,121.9667,-13.87,69,25,1.55,RU,1645069605
79,Qaanaaq,77.484,-69.3632,-31.46,93,94,2.26,GL,1645069606
80,Ugoofaaru,5.6667,73.0,27.18,65,75,2.81,MV,1645069606
81,Teguise,29.0605,-13.564,15.12,67,0,3.6,ES,1645069607
82,Peniche,39.3558,-9.3811,13.95,87,57,3.92,PT,1645069607
83,Chokurdakh,70.6333,147.9167,-34.02,100,15,0.8,RU,1645069608
84,Busselton,-33.65,115.3333,30.58,30,0,2.98,AU,1645069608
85,Shahrud,36.4182,54.9763,1.06,63,66,2.2,IR,1645069609
86,Savannah Bight,16.45,-85.85,23.89,74,6,7.58,HN,1645069609
87,Cidreira,-30.1811,-50.2056,22.43,83,0,6.61,BR,1645069397
88,Maumere,-8.6199,122.2111,29.46,67,8,0.79,ID,1645069610
89,Bluff,-46.6,168.3333,17.59,64,63,4.87,NZ,1645069610
90,Rockland,41.1668,-74.0496,7.46,89,100,4.84,US,1645069444
91,Mahébourg,-20.4081,57.7,27.36,83,40,3.6,MU,1645069611
92,Río Gallegos,-51.6226,-69.2181,16.03,31,75,9.26,AR,1645069612
93,Butaritari,3.0707,172.7902,27.81,74,2,10.35,KI,1645069612
94,Kapaa,22.0752,-159.319,25.99,74,20,7.72,US,1645069566
95,La Ronge,55.1001,-105.2842,-28.86,69,0,1.54,CA,1645069613
96,Chapais,49.7834,-74.8492,-1.12,99,100,4.75,CA,1645069613
97,Lorengau,-2.0226,147.2712,29.46,68,95,2.49,PG,1645069614
98,Port Alfred,-33.5906,26.891,17.87,81,16,5.68,ZA,1645069614
99,Upernavik,72.7868,-56.1549,-31.1,94,100,3.49,GL,1645069615
100,Cape Town,-33.9258,18.4232,17.37,68,0,7.2,ZA,1645069314
101,Esperance,-33.8667,121.9,22.91,65,51,5.53,AU,1645069616
102,Hurghada,27.2574,33.8129,12.02,54,0,3.6,EG,1645069616
103,Hermanus,-34.4187,19.2345,15.5,73,0,5.31,ZA,1645069617
104,Wyndham,37.6985,-77.6125,13.19,63,100,4.12,US,1645069617
105,Port Augusta,-32.5,137.7667,26.5,40,25,7.71,AU,1645069618
106,Kutum,14.2,24.6667,12.88,21,10,2.15,SD,1645069614
107,Port Hardy,50.6996,-127.4199,7.09,93,75,1.54,CA,1645069559
108,Sinjār,36.3209,41.8754,7.57,55,1,1.62,IQ,1645069619
109,Vila Velha,-20.3297,-40.2925,23.97,90,75,1.03,BR,1645069550
110,Nome,64.5011,-165.4064,-21.83,87,21,3.65,US,1645069619
111,Porto-Novo,6.4965,2.6036,27.9,90,49,2.22,BJ,1645069620
112,East London,-33.0153,27.9116,17.52,77,0,4.63,ZA,1645069620
113,Lavrentiya,65.5833,-171.0,-26.16,94,9,3.99,RU,1645069621
114,Santa Cruz Cabrália,-16.2781,-39.0247,26.13,83,75,1.54,BR,1645069621
115,Zwedru,6.0667,-8.1281,21.97,99,85,1.0,LR,1645069622
116,Te Anau,-45.4167,167.7167,22.43,45,81,3.37,NZ,1645069622
117,Waipawa,-41.4122,175.5153,17.39,62,0,2.56,NZ,1645069623
118,Maniitsoq,65.4167,-52.9,-22.43,94,99,3.55,GL,1645069623
119,Ponta do Sol,32.6667,-17.1,16.35,70,10,3.3,PT,1645069624
120,Krutinka,56.0055,71.5113,-11.9,94,96,6.07,RU,1645069625
121,Bengkulu,-3.8004,102.2655,27.91,67,100,0.64,ID,1645069625
122,Anloga,5.7947,0.8973,28.12,86,17,4.86,GH,1645069626
123,Ust'-Kulom,61.6864,53.6902,-1.07,94,100,3.68,RU,1645069626
124,Ancud,-41.8697,-73.8203,10.24,75,0,2.62,CL,1645069627
125,Alta Floresta,-9.8756,-56.0861,20.97,98,64,1.11,BR,1645069627
126,Viedma,-40.8135,-62.9967,14.94,55,3,2.11,AR,1645069628
127,Dhidhdhoo,6.8833,73.1,27.14,70,7,2.57,MV,1645069628
128,Clyde River,70.4692,-68.5914,-35.87,68,0,2.57,CA,1645069629
129,Lompoc,34.6391,-120.4579,12.82,86,40,5.81,US,1645069629
130,Constitución,-35.3333,-72.4167,16.64,67,0,4.22,CL,1645069556
131,Kinkala,-4.3614,14.7644,22.17,94,99,1.08,CG,1645069630
132,Touros,-5.1989,-35.4608,25.5,73,92,1.87,BR,1645069630
133,Bredasdorp,-34.5322,20.0403,12.93,72,13,2.8,ZA,1645069631
134,Kulhudhuffushi,6.6221,73.07,27.02,70,12,2.48,MV,1645069631
135,Issia,6.4922,-6.5856,22.16,99,95,1.19,CI,1645069632
136,Sørland,67.667,12.6934,0.03,60,100,8.84,NO,1645069632
137,Tual,-5.6667,132.75,27.85,71,65,1.77,ID,1645069632
138,Itarema,-2.9248,-39.9167,25.13,80,100,2.31,BR,1645069633
139,Arraial do Cabo,-22.9661,-42.0278,23.34,81,1,2.0,BR,1645069633
140,Wajir,1.7471,40.0573,24.98,65,0,3.09,KE,1645069634
141,Tilichiki,60.4667,166.1,-20.87,91,100,4.93,RU,1645069635
142,Saldanha,-33.0117,17.9442,13.03,79,0,5.42,ZA,1645069635
143,General Roca,-39.0333,-67.5833,23.22,26,1,8.95,AR,1645069636
144,Camocim,-2.9022,-40.8411,24.42,86,100,2.88,BR,1645069636
145,Kashary,49.04,41.0056,-4.1,96,25,2.58,RU,1645069636
146,Brigantine,39.4101,-74.3646,10.08,83,0,5.14,US,1645069637
147,Okhotsk,59.3833,143.3,-10.85,73,48,5.18,RU,1645069638
148,Longyearbyen,78.2186,15.6401,-11.09,73,40,2.57,SJ,1645069638
149,Katsuura,35.1333,140.3,9.5,32,81,8.68,JP,1645069639
150,Port Blair,11.6667,92.75,28.02,83,75,2.06,IN,1645069640
151,Cúcuta,7.8833,-72.5053,25.97,69,75,1.03,CO,1645069640
152,Yulara,-25.2406,130.9889,33.91,27,0,5.14,AU,1645069641
153,Pemangkat,1.1667,108.9667,29.37,69,63,3.73,ID,1645069641
154,Normandin,48.8333,-72.5321,0.79,80,100,8.75,CA,1645069642
155,Tasiilaq,65.6145,-37.6368,-3.91,81,100,7.49,GL,1645069642
156,Puerto Gaitán,4.3133,-72.0816,29.14,40,61,3.73,CO,1645069643
157,Sainte-Rose,16.3324,-61.6979,24.02,78,20,2.57,GP,1645069643
158,Luau,-10.7073,22.2247,17.08,99,100,0.76,AO,1645069644
159,Fuxin,42.0156,121.6589,-8.02,43,0,1.26,CN,1645069644
160,Tuktoyaktuk,69.4541,-133.0374,-33.0,68,75,6.17,CA,1645069648
161,Vráble,48.2437,18.3085,6.48,92,100,5.22,SK,1645069648
162,Guntakal,15.1667,77.3833,26.22,42,25,3.83,IN,1645069649
163,Sarakhs,36.5449,61.1577,-1.92,59,0,1.03,IR,1645069649
164,Porto Walter,-8.2686,-72.7439,22.24,99,100,0.96,BR,1645069650
165,São José da Coroa Grande,-8.8978,-35.1478,25.92,78,23,2.6,BR,1645069650
166,São João da Barra,-21.6403,-41.0511,22.27,90,62,2.51,BR,1645069651
167,Bull Savanna,17.8868,-77.5902,22.56,82,12,2.98,JM,1645069651
168,Provideniya,64.3833,-173.3,-12.94,61,0,11.0,RU,1645069652
169,Opuwo,-18.0607,13.84,19.88,81,100,1.26,NA,1645069449
170,Coos Bay,43.3665,-124.2179,8.85,93,20,5.66,US,1645069558
171,Sinnamary,5.3833,-52.95,24.96,86,100,5.42,GF,1645069653
172,Norman Wells,65.282,-126.8329,-29.98,69,75,3.09,CA,1645069653
173,Comodoro Rivadavia,-45.8667,-67.5,9.92,62,0,2.06,AR,1645069654
174,Fortuna,40.5982,-124.1573,10.82,88,100,5.14,US,1645069654
175,Dire Dawa,9.5931,41.8661,18.97,48,1,0.61,ET,1645069655
176,Benghazi,32.1167,20.0667,13.09,68,32,7.92,LY,1645069655
177,Salto de Pirapora,-23.6489,-47.5733,17.29,94,16,2.46,BR,1645069406
178,Coquimbo,-29.9533,-71.3436,18.64,82,11,1.97,CL,1645069396
179,Faanui,-16.4833,-151.75,27.4,72,12,6.2,PF,1645069656
180,Lohāru,28.45,75.8167,20.23,36,0,3.38,IN,1645069657
181,Penzance,50.1186,-5.5371,11.38,77,38,13.55,GB,1645069657
182,Torbay,47.6666,-52.7314,-9.58,78,75,6.69,CA,1645069657
183,Humaitá,-7.5061,-63.0208,22.8,98,100,0.79,BR,1645069658
184,Ulladulla,-35.35,150.4667,33.76,58,100,3.94,AU,1645069658
185,Sawākin,19.1059,37.3321,19.44,68,0,3.57,SD,1645069659
186,Bethel,41.3712,-73.414,7.19,84,0,3.09,US,1645069659
187,Seydi,39.4816,62.9137,0.29,46,0,6.0,TM,1645069660
188,Hithadhoo,-0.6,73.0833,28.08,74,99,6.93,MV,1645069660
189,Adeje,28.1227,-16.726,17.75,53,0,1.03,ES,1645069661
190,Lebu,-37.6167,-73.65,14.03,79,0,8.22,CL,1645069661
191,Çan,40.0333,27.0524,5.16,66,99,1.1,TR,1645069662
192,Mujiayingzi,42.1167,118.7833,-8.85,39,54,2.26,CN,1645069662
193,Paka,4.6374,103.4368,25.96,83,40,1.03,MY,1645069663
194,Hasaki,35.7333,140.8333,10.16,26,23,7.86,JP,1645069663
195,Tuzsér,48.3441,22.1176,5.57,89,100,6.89,HU,1645069664
196,San Policarpo,12.1791,125.5072,27.54,74,88,5.13,PH,1645069664
197,Tanout,14.9709,8.8879,19.41,14,0,4.9,NE,1645069665
198,Hobyo,5.3505,48.5268,23.89,68,46,5.9,SO,1645069665
199,Skellefteå,64.7507,20.9528,-3.8,69,100,5.66,SE,1645069666
200,Talnakh,69.4865,88.3972,-28.1,97,97,3.64,RU,1645069666
201,Vardø,70.3705,31.1107,-4.89,64,100,5.69,NO,1645069667
202,Goba,7.0167,39.9833,9.46,51,70,2.18,ET,1645069667
203,Khandyga,62.6667,135.6,-26.46,85,100,0.56,RU,1645069668
204,Korla,41.7597,86.1469,-1.56,45,99,1.89,CN,1645069668
205,Oktyabr'skiy,54.4815,53.471,-12.2,93,100,2.99,RU,1645069668
206,Westport,41.1415,-73.3579,8.19,85,97,1.34,US,1645069342
207,Vestmannaeyjar,63.4427,-20.2734,-1.75,82,100,8.75,IS,1645069669
208,Nachingwea,-10.3833,38.7667,21.32,99,100,0.27,TZ,1645069669
209,Kapoeta,4.7717,33.5903,25.27,27,34,1.06,SS,1645069670
210,Puerto Escondido,15.85,-97.0667,27.46,74,20,0.0,MX,1645069386
211,Rājāpur,25.3833,81.15,20.67,37,0,1.27,IN,1645069671
212,Røros,62.5747,11.3842,-6.09,93,100,1.54,NO,1645069671
213,Périgueux,45.1833,0.7167,12.67,96,100,5.28,FR,1645069672
214,Hualmay,-11.0964,-77.6139,21.62,81,99,3.48,PE,1645069672
215,Hong Kong,22.2855,114.1577,17.32,90,100,8.49,HK,1645069554
216,Hakkâri Province,37.5833,44.1667,-12.47,88,30,1.96,TR,1645069673
217,Tonantins,-2.8731,-67.8022,22.71,98,87,0.79,BR,1645069674
218,Gorontalo,0.5412,123.0595,29.91,64,96,0.82,ID,1645069674
219,Guerrero Negro,27.9769,-114.0611,14.64,67,0,7.12,MX,1645069674
220,Sibu,2.3,111.8167,30.17,74,40,3.09,MY,1645069675
221,Marsh Harbour,26.5412,-77.0636,22.45,80,65,10.49,BS,1645069675
222,Quatre Cocos,-20.2078,57.7625,27.27,79,96,7.6,MU,1645069676
223,Iqaluit,63.7506,-68.5145,-29.06,75,100,0.0,CA,1645069676
224,Ixtapa,20.7,-105.2,22.35,63,0,1.36,MX,1645069557
225,Kalamb,19.05,73.95,22.47,33,17,0.69,IN,1645069677
226,Arman',59.7,150.1667,-14.87,73,22,5.51,RU,1645069677
227,Husavik,66.0449,-17.3389,-1.05,77,100,1.13,IS,1645069678
228,Singaparna,-7.3515,108.111,29.74,61,86,1.26,ID,1645069678
229,Marystown,47.1666,-55.1483,-4.52,100,84,1.34,CA,1645069679
230,Beringovskiy,63.05,179.3167,-24.37,96,98,6.48,RU,1645069679
231,Ambilobe,-13.2,49.05,24.09,91,90,0.93,MG,1645069680
232,Ust'-Karsk,52.7011,118.8077,-15.4,81,63,0.23,RU,1645069680
233,Narsaq,60.9167,-46.05,-16.88,85,22,2.94,GL,1645069681
234,Hamilton,39.1834,-84.5333,16.35,59,100,8.75,US,1645069312
235,Oranjestad,12.524,-70.027,26.97,78,20,8.23,AW,1645069681
236,San Patricio,28.017,-97.5169,20.99,86,30,9.8,US,1645069682
237,Bubaque,11.2833,-15.8333,25.51,65,9,2.2,GW,1645069682
238,Dunedin,-45.8742,170.5036,18.78,70,0,5.81,NZ,1645069683
239,Bathsheba,13.2167,-59.5167,25.34,69,20,10.29,BB,1645069683
240,Sawtell,-30.3833,153.1,31.21,63,65,9.26,AU,1645069684
241,Mount Gambier,-37.8333,140.7667,22.95,40,75,8.23,AU,1645069685
242,Anadyr,64.75,177.4833,-31.72,75,40,7.0,RU,1645069685
243,Port Elizabeth,-33.918,25.5701,16.17,88,0,6.17,ZA,1645069686
244,Ayr,55.4627,-4.6339,6.99,70,20,11.83,GB,1645069686
245,Padang,-0.9492,100.3543,31.03,72,100,3.26,ID,1645069396
246,Melito di Porto Salvo,37.9222,15.7714,12.35,76,75,3.09,IT,1645069687
247,Gawler,-34.6,138.7333,24.23,59,6,6.2,AU,1645069687
248,Mongoumba,3.6415,18.5936,21.03,41,96,1.94,CF,1645069688
249,Barrow,71.2906,-156.7887,-27.99,69,100,4.12,US,1645069688
250,Sapucaia,-29.8333,-51.15,22.24,91,0,5.14,BR,1645069689
251,Pangai,-19.8,-174.35,30.06,58,20,3.09,TO,1645069690
252,Nouadhibou,20.931,-17.0347,19.45,47,59,6.42,MR,1645069690
253,Dul'durga,50.6761,113.5931,-19.2,89,100,2.07,RU,1645069691
254,Batemans Bay,-35.7167,150.1833,33.88,67,99,5.45,AU,1645069691
255,Los Llanos de Aridane,28.6585,-17.9182,15.86,57,75,5.81,ES,1645069692
256,Alexandria,31.2156,29.9553,11.3,93,40,0.0,EG,1645069512
257,Yenagoa,4.9247,6.2642,24.65,96,12,1.53,NG,1645069693
258,Gornyak,50.9942,81.4661,-15.63,87,69,4.65,RU,1645069693
259,Leningradskiy,69.3833,178.4167,-30.75,98,49,2.45,RU,1645069694
260,Yabrūd,33.9674,36.6574,1.4,79,100,2.44,SY,1645069694
261,Codrington,-38.2667,141.9667,20.98,48,87,8.02,AU,1645069695
262,Tazovsky,67.4667,78.7,-25.9,100,95,4.54,RU,1645069395
263,Henties Bay,-22.116,14.2845,19.92,89,58,2.14,NA,1645069695
264,Meulaboh,4.1363,96.1285,26.7,81,100,1.88,ID,1645069696
265,Aksarka,66.5606,67.7975,-12.53,96,100,3.99,RU,1645069696
266,Tura,25.5198,90.2201,22.48,33,0,1.26,IN,1645069697
267,Caucayá,-0.1934,-74.7819,23.78,88,100,1.8,CO,1645069697
268,Searcy,35.2506,-91.7363,19.18,67,100,6.17,US,1645069698
269,Honningsvåg,70.9821,25.9704,-2.07,66,84,7.4,NO,1645069698
270,Khani,41.9563,42.9566,-6.24,80,17,3.24,GE,1645069699
271,Liwale,-9.7667,37.9333,21.34,96,100,0.65,TZ,1645069700
272,Fairbanks,64.8378,-147.7164,-18.55,75,75,2.57,US,1645069700
273,Ha Tinh,18.3333,105.9,25.16,78,77,1.68,VN,1645069701
274,Grass Valley,39.2191,-121.0611,13.28,40,0,1.54,US,1645069701
275,Lüderitz,-26.6481,15.1594,21.83,70,26,7.11,NA,1645069544
276,Ābādān,30.3392,48.3043,10.97,62,0,2.06,IR,1645069702
277,Biak,-0.9131,122.8766,26.71,78,95,0.71,ID,1645069703
278,Hanna,51.6334,-111.9018,-6.99,86,99,1.41,CA,1645069524
279,Sorsk,54.0033,90.2467,-17.86,82,56,1.6,RU,1645069703
280,Columbus,39.9612,-82.9988,14.92,58,100,8.75,US,1645069250
281,Blagoveshchenka,52.8333,79.8667,-13.71,91,99,5.57,RU,1645069704
282,Mjölby,58.326,15.1237,0.84,98,100,4.04,SE,1645069704
283,Stony Point,41.2295,-73.9871,8.14,91,99,4.87,US,1645069705
284,Puerto Ayora,-0.7393,-90.3518,24.28,82,100,2.7,EC,1645069706
285,Bandarbeyla,9.4942,50.8122,23.12,63,39,5.76,SO,1645069700
286,Gigmoto,13.7796,124.39,26.59,80,89,4.57,PH,1645069706
287,Masuguru,-11.3667,38.4167,22.58,97,100,0.61,TZ,1645069707
288,Am Timan,11.0297,20.2827,22.51,18,1,3.04,TD,1645069708
289,Nhamundá,-2.1861,-56.7131,21.59,98,99,1.07,BR,1645069708
290,Christchurch,-43.5333,172.6333,20.53,62,0,9.77,NZ,1645069505
291,Deming,32.2687,-107.7586,3.94,70,0,4.63,US,1645069709
292,Salta,-24.7859,-65.4117,22.33,77,40,2.57,AR,1645069702
293,Kahului,20.8947,-156.47,27.01,69,40,9.26,US,1645069709
294,Culebra,18.303,-65.301,26.02,80,8,5.36,PR,1645069710
295,Leh,34.1667,77.5833,-18.34,88,84,1.0,IN,1645069710
296,Portland,45.5234,-122.6762,10.08,86,100,1.54,US,1645069601
297,Makakilo City,21.3469,-158.0858,25.18,55,100,5.66,US,1645069711
298,Yatou,37.15,122.3833,-2.15,44,99,6.69,CN,1645069712
299,San Rafael,-34.6177,-68.3301,21.54,26,0,1.62,AR,1645069712
300,Cam Ranh,11.9214,109.1591,25.98,83,75,3.6,VN,1645069712
301,Pouébo,-20.4,164.5667,29.5,70,59,3.49,NC,1645069713
302,Tangi,34.3006,71.6536,10.0,34,53,2.14,PK,1645069713
303,Makkah al Mukarramah,21.4267,39.8261,19.84,63,0,1.24,SA,1645069714
304,Bayangol,50.6977,103.4656,-14.05,56,95,2.81,RU,1645069714
305,Ormara,25.2088,64.6357,21.96,58,0,2.73,PK,1645069715
306,Tabou,4.423,-7.3528,26.03,88,100,2.69,CI,1645069715
307,Avera,33.194,-82.5271,15.81,82,71,4.74,US,1645069716
308,San Miguel de Tucumán,-26.8241,-65.2226,27.0,57,86,3.6,AR,1645069716
309,Kirakira,-10.4544,161.9205,28.06,80,98,2.43,SB,1645069717
310,Sabang,5.8933,95.3214,27.43,75,94,2.35,ID,1645069717
311,Oranjemund,-28.55,16.4333,17.23,86,89,5.37,NA,1645069696
312,Nizwá,22.9333,57.5333,17.93,59,0,0.27,OM,1645069718
313,Mapiri,-15.25,-68.1667,19.91,99,100,0.61,BO,1645069718
314,Champerico,14.3,-91.9167,27.42,69,5,2.53,GT,1645069719
315,Mayo,38.8876,-76.5119,10.55,82,0,5.14,US,1645069719
316,Nguru,12.8791,10.4526,20.56,14,0,4.3,NG,1645069720
317,Berezanskaya,45.7056,39.5932,1.96,85,19,2.83,RU,1645069720
318,Biograd na Moru,43.9433,15.4519,5.39,87,75,0.71,HR,1645069705
319,Antofagasta,-23.65,-70.4,19.09,83,72,0.56,CL,1645069205
320,Banda Aceh,5.5577,95.3222,28.06,70,99,1.64,ID,1645069721
321,Rocha,-34.4833,-54.3333,18.9,89,53,2.58,UY,1645069721
322,São Miguel do Araguaia,-13.275,-50.1628,21.98,94,100,2.02,BR,1645069722
323,Hambantota,6.1241,81.1185,27.19,74,20,3.6,LK,1645069722
324,Hofn,64.2539,-15.2082,-0.65,68,100,9.12,IS,1645069723
325,Coventry,52.4066,-1.5122,9.25,69,20,7.2,GB,1645069723
326,Fort Nelson,58.8053,-122.7002,-16.23,78,100,3.09,CA,1645069724
327,Pravia,43.4906,-6.1508,10.59,87,0,1.54,ES,1645069724
328,Kapustin Yar,48.5831,45.7372,-1.46,80,55,3.07,RU,1645069725
329,Arona,28.0996,-16.681,14.76,54,0,1.03,ES,1645069726
330,Winnemucca,40.973,-117.7357,2.28,60,75,3.6,US,1645069726
331,Agua Verde,22.9,-106.05,22.8,77,3,2.55,MX,1645069727
332,Baijiantan,45.6333,85.1833,-11.71,82,55,3.09,CN,1645069727
333,Midland,31.9974,-102.0779,20.14,40,75,6.17,US,1645069728
334,Flin Flon,54.7682,-101.865,-31.28,99,33,1.97,CA,1645069652
335,Grafton,42.207,-71.6856,7.57,81,100,8.23,US,1645069729
336,Arrondissement de Pontivy,48.0,-3.0,11.32,79,80,8.13,FR,1645069490
337,Port Moresby,-9.4431,147.1797,28.68,74,40,2.57,PG,1645069717
338,Leshukonskoye,64.8989,45.7622,-3.04,96,99,3.01,RU,1645069730
339,La Paz,-16.5,-68.15,8.99,93,75,3.09,BO,1645069730
340,Oistins,13.0667,-59.5333,25.05,69,20,10.29,BB,1645069730
341,Prince Rupert,54.3161,-130.3201,6.05,93,100,8.75,CA,1645069509
342,Noumea,-22.2763,166.4572,29.44,99,99,6.31,NC,1645069731
343,Nyrob,60.733,56.7202,-2.65,96,100,3.96,RU,1645069732
344,Wenling,28.3669,121.36,6.62,91,100,6.74,CN,1645069732
345,Port Lincoln,-34.7333,135.8667,21.66,59,88,6.03,AU,1645069732
346,Tingi,-11.3,35.0333,17.35,93,100,0.14,TZ,1645069733
347,Santa Isabel Rio Negro,-0.4139,-65.0192,22.46,98,78,1.2,BR,1645069733
348,Mount Isa,-20.7333,139.5,34.87,28,40,4.63,AU,1645069734
349,Savonlinna,61.8699,28.88,0.14,100,100,4.12,FI,1645069734
350,Adrar,20.5022,-10.0711,14.6,25,51,5.62,MR,1645069735
351,Salinópolis,-0.6136,-47.3561,25.38,85,100,3.05,BR,1645069735
352,Benguela,-12.5763,13.4055,24.71,82,90,0.76,AO,1645069736
353,Pisco,-13.7,-76.2167,20.03,83,90,5.66,PE,1645069695
354,Malaya Serdoba,52.4661,44.9512,-3.72,92,100,5.26,RU,1645069736
355,San Carlos del Zulia,9.0,-71.9135,24.78,77,100,1.85,VE,1645069737
356,Ngunguru,-35.6167,174.5,19.96,64,100,3.27,NZ,1645069737
357,Breytovo,58.2993,37.8617,-1.33,91,100,7.99,RU,1645069738
358,Brae,60.3964,-1.353,1.95,66,95,8.04,GB,1645069738
359,Kerman,30.2832,57.0788,4.92,75,75,2.06,IR,1645069739
360,Seoul,37.5683,126.9778,-2.27,30,0,4.12,KR,1645069634
361,Carbonia,39.1672,8.5222,13.88,83,100,8.14,IT,1645069739
362,Richards Bay,-28.783,32.0377,22.84,88,99,6.54,ZA,1645069740
363,Rapid Valley,44.0625,-103.1463,-6.87,63,0,5.14,US,1645069687
364,Nevel'sk,46.6733,141.8633,-5.76,73,82,5.83,RU,1645069741
365,Sakakah,29.9697,40.2064,6.76,46,40,1.57,SA,1645069741
366,Sulphur Springs,33.1385,-95.6011,18.84,94,100,7.2,US,1645069742
367,Mehrān,33.1222,46.1646,8.71,52,0,3.61,IR,1645069742
368,Palafrugell,41.9174,3.1631,7.06,63,30,1.52,ES,1645069743
369,Coyhaique,-45.5752,-72.0662,10.34,66,0,1.54,CL,1645069743
370,Xining,36.6167,101.7667,-3.61,66,100,1.42,CN,1645069744
371,Acaraú,-2.8856,-40.12,25.29,80,100,2.74,BR,1645069745
372,Vila Franca do Campo,37.7167,-25.4333,16.78,88,73,5.62,PT,1645069745
373,Havelock,34.8791,-76.9013,16.07,86,0,4.12,US,1645069323
374,Calvinia,-31.4707,19.776,19.67,57,0,3.0,ZA,1645069746
375,Klaksvík,62.2266,-6.589,2.51,71,100,7.6,FO,1645069746
376,Mackenzie,55.2999,-123.1698,1.12,75,100,3.6,CA,1645069558
377,Skjervøy,70.0311,20.9714,-3.67,71,95,10.57,NO,1645069747
378,Bilibino,68.0546,166.4372,-26.84,99,27,1.16,RU,1645069747
379,Dingle,10.9995,122.6711,29.7,56,95,5.95,PH,1645069748
380,Atar,20.5169,-13.0499,16.99,23,95,6.03,MR,1645069748
381,Labuhan,-6.8844,112.2051,26.57,86,100,2.54,ID,1645069749
382,Kumul,42.8,93.45,-4.03,45,100,1.98,CN,1645069749
383,Mossamedes,-15.1961,12.1522,22.99,86,99,0.98,AO,1645069749
384,Stepnyak,52.8339,70.7803,-12.84,93,64,7.6,KZ,1645069750
385,Araouane,18.9048,-3.5265,15.44,29,26,5.41,ML,1645069750
386,Arrondissement de Carpentras,44.0833,5.1667,10.02,83,36,5.63,FR,1645069751
387,Tautira,-17.7333,-149.15,29.01,74,19,6.9,PF,1645069751
388,Muros,42.7762,-9.0603,13.8,92,100,3.67,ES,1645069752
389,Tefé,-3.3542,-64.7114,22.47,98,64,0.94,BR,1645069753
390,Oktyabr'skoye,43.0645,44.7417,-6.92,93,11,3.0,RU,1645069753
391,Dalby,-27.1833,151.2667,29.39,29,2,1.98,AU,1645069753
392,Cabedelo,-6.9811,-34.8339,26.37,72,14,2.78,BR,1645069754
393,Belmonte,-15.8631,-38.8828,26.28,84,96,1.53,BR,1645069754
394,Krasnosel'kup,65.7,82.4667,-17.53,96,100,4.55,RU,1645069755
395,Kenai,60.5544,-151.2583,4.05,93,0,4.63,US,1645069755
396,Tabuk,17.4189,121.4443,26.47,70,86,2.56,PH,1645069756
397,Zhangjiakou,40.81,114.8794,-9.08,76,100,3.51,CN,1645069756
398,Zaysan,47.4667,84.8667,-14.37,77,13,0.56,KZ,1645069757
399,Namatanai,-3.6667,152.4333,28.8,73,93,2.49,PG,1645069757
400,Kashgar,39.4547,75.9797,0.56,43,75,3.0,CN,1645069757
401,Usevya,-7.1,31.2333,17.99,99,100,0.8,TZ,1645069758
402,Alice Springs,-23.7,133.8833,35.68,43,0,6.69,AU,1645069600
403,Bossangoa,6.4926,17.4552,21.3,21,23,1.19,CF,1645069759
404,Francisco Sá,-16.4758,-43.4883,21.08,95,100,1.22,BR,1645069759
405,Puerto Baquerizo Moreno,-0.9,-89.6,24.46,83,73,3.96,EC,1645069759
406,Rafai,4.95,23.9167,19.11,38,18,0.92,CF,1645069760
407,Verāval,20.9,70.3667,23.3,38,0,2.64,IN,1645069760
408,Grand-Santi,4.25,-54.3833,22.2,99,100,0.87,GF,1645069761
409,Urengoy,65.9667,78.3667,-19.54,98,87,4.11,RU,1645069762
410,Mackay,-21.15,149.2,31.49,74,40,8.23,AU,1645069762
411,Kiryat Gat,31.61,34.7642,10.22,73,96,2.34,IL,1645069501
412,Sur,22.5667,59.5289,22.16,48,0,2.52,OM,1645069763
413,Haines Junction,60.7522,-137.5108,1.97,64,74,1.54,CA,1645069763
414,Atyrau,47.1167,51.8833,-4.99,93,10,2.0,KZ,1645069764
415,Bahía Solano,6.2262,-77.4044,25.47,88,100,2.39,CO,1645069764
416,Semnan,35.5729,53.3971,4.65,61,97,0.53,IR,1645069765
417,Slobidka,47.8869,29.3461,2.77,89,5,4.03,UA,1645069765
418,Batticaloa,7.7102,81.6924,25.27,74,44,3.57,LK,1645069692
419,Stutterheim,-32.5708,27.424,12.35,93,22,1.75,ZA,1645069766
420,Chernihiv,51.0,32.0,1.28,96,100,6.63,UA,1645069766
421,Corrente,-3.7367,-43.3394,21.46,99,62,0.81,BR,1645069767
422,Muhos,64.808,25.9931,-1.12,96,100,3.69,FI,1645069767
423,Tiznit Province,29.5833,-9.5,13.21,33,2,1.33,MA,1645069768
424,Zhaoyuan,37.3592,120.3964,-1.92,37,91,4.02,CN,1645069768
425,Mahon,39.8885,4.2658,10.31,93,0,2.06,ES,1645069768
426,Beyneu,45.3167,55.2,0.62,53,0,3.78,KZ,1645069769
427,Tshane,-24.0196,21.8684,21.68,45,69,3.35,BW,1645069769
428,Almansa,38.8692,-1.0971,9.94,84,49,6.3,ES,1645069770
429,Saint-Joseph,-21.3667,55.6167,25.21,72,65,5.46,RE,1645069770
430,Luanda,-8.8368,13.2343,26.0,78,40,1.54,AO,1645069537
431,Pacific Grove,36.6177,-121.9166,13.82,81,0,1.54,US,1645069771
432,Port-Gentil,-0.7193,8.7815,26.95,78,100,4.59,GA,1645069771
433,Antalaha,-14.9003,50.2788,24.68,88,27,2.73,MG,1645069772
434,Morondava,-20.2833,44.2833,26.01,82,87,2.42,MG,1645069772
435,College,64.8569,-147.8028,-18.56,75,75,2.57,US,1645069773
436,Mitsamiouli,-11.3847,43.2844,25.16,83,20,2.06,KM,1645069773
437,Yar-Sale,66.8333,70.8333,-17.83,96,100,6.11,RU,1645069774
438,Talaya,61.3833,152.75,-25.6,93,100,3.06,RU,1645069774
439,Monte Plata,18.807,-69.784,23.84,97,14,1.6,DO,1645069506
440,Titisee-Neustadt,47.9,8.1667,10.21,93,100,2.24,DE,1645069775
441,Lata,40.1629,-8.3327,13.78,98,86,1.18,PT,1645069775
442,Korhogo,9.45,-5.6333,21.48,21,29,2.3,CI,1645069776
443,Mogzon,51.7435,111.9606,-17.56,84,100,1.83,RU,1645069776
444,Zelenoborskiy,66.845,32.3622,-11.04,96,100,3.74,RU,1645069776
445,Gogrial,8.5332,28.1004,21.37,19,24,2.19,SS,1645069777
446,Ilulissat,69.2167,-51.1,-15.99,72,75,5.66,GL,1645069777
447,Kirovskiy,45.0917,133.5136,-10.19,78,99,5.01,RU,1645069778
448,Mareeba,-17.0,145.4333,28.58,79,100,2.44,AU,1645069778
449,Belaya Gora,68.5333,146.4167,-29.65,96,21,0.4,RU,1645069779
450,Hirara,24.8,125.2833,18.15,94,75,7.72,JP,1645069779
451,Bāneh,35.9975,45.8853,-5.66,90,25,3.16,IR,1645069780
452,Tarko-Sale,64.9225,77.785,-18.25,97,97,4.77,RU,1645069780
453,Urucurituba,-2.6833,-57.6667,22.29,97,95,0.94,BR,1645069780
454,Dali,25.7,100.1833,14.15,20,0,2.66,CN,1645069781
455,Kudahuvadhoo,2.6708,72.8944,27.4,72,80,4.5,MV,1645069781
456,Laramie,41.3114,-105.5911,-8.79,78,100,4.12,US,1645069782
457,Manadhoo,5.7667,73.3833,27.17,65,27,2.96,MV,1645069782
458,Rūdbār,30.15,62.6,7.46,46,1,2.64,AF,1645069787
459,Yaan,7.3833,8.5667,25.43,48,58,2.33,NG,1645069787
460,Berdigestyakh,62.0989,126.6992,-20.1,89,100,0.5,RU,1645069788
461,Santa Vitória do Palmar,-33.5189,-53.3681,19.48,94,3,2.96,BR,1645069788
462,Miquelon,47.0975,-56.3814,-2.75,63,100,11.5,PM,1645069789
463,Sarangani,5.4033,125.4636,27.83,70,100,7.38,PH,1645069789
464,Stornoway,58.2093,-6.3865,3.98,89,75,12.35,GB,1645069790
465,Vytegra,61.0064,36.4481,0.67,91,100,6.92,RU,1645069790
466,Robe,-37.1833,139.75,17.81,67,5,5.9,AU,1645069791
467,El Carmen,8.5106,-73.4478,20.98,76,100,2.53,CO,1645069791
468,Woodward,36.4337,-99.3904,7.57,47,100,8.23,US,1645069792
469,Broome,42.2506,-75.833,6.75,68,40,6.71,US,1645069792
470,Moen,69.1304,18.6123,-5.6,68,40,7.2,NO,1645069793
471,Manaure,11.7751,-72.4445,25.18,76,100,6.41,CO,1645069793
472,Poronaysk,49.2167,143.1167,-5.24,73,14,3.71,RU,1645069794
473,Isangel,-19.55,169.2667,31.06,74,20,2.06,VU,1645069794
474,La Ciotat,43.1748,5.6045,16.03,79,96,10.66,FR,1645069795
475,Nhulunbuy,-12.2333,136.7667,32.34,58,40,4.63,AU,1645069795
476,Palmer,42.1584,-72.3287,7.62,84,75,3.6,US,1645069516
477,Byron Bay,-28.65,153.6167,29.98,61,14,4.1,AU,1645069796
478,Tignère,7.3667,12.65,18.85,20,87,1.27,CM,1645069797
479,Yanam,16.7333,82.2167,25.22,50,1,3.32,IN,1645069797
480,Santa Inês,-3.6667,-45.38,22.22,98,100,1.04,BR,1645069797
481,Kokino,52.4964,34.7808,0.9,91,100,7.81,RU,1645069798
482,Koumac,-20.5667,164.2833,28.75,73,65,3.17,NC,1645069799
483,Tessalit,20.1986,1.0114,16.51,24,32,5.57,ML,1645069799
484,Kununurra,-15.7667,128.7333,35.99,44,75,2.06,AU,1645069799
485,Holboca,47.15,27.7,5.75,76,1,1.54,RO,1645069800
486,Amvrosiyivka,47.7935,38.4777,1.03,92,64,3.96,UA,1645069801
487,Batagay,67.6333,134.6333,-31.57,94,90,0.31,RU,1645069801
488,Gaya,24.7833,85.0,15.95,77,0,2.06,IN,1645069560
489,Abakaliki,6.3163,8.1169,25.46,76,17,2.96,NG,1645069802
490,Bonfim,3.0833,-59.95,25.6,71,84,3.97,BR,1645069803
491,North Bend,43.4065,-124.2243,8.81,93,20,5.66,US,1645069803
492,Trat,12.5,102.5,31.25,63,57,1.06,TH,1645069804
493,Carlsbad,33.1581,-117.3506,14.34,80,0,0.45,US,1645069663
494,Ordzhonīkīdze,52.4411,61.7408,-11.84,89,88,4.27,KZ,1645069805
495,Baranchinskiy,58.1617,59.6991,-6.96,85,100,5.14,RU,1645069805
496,Tamandaré,-8.7597,-35.1047,25.65,80,24,2.42,BR,1645069806
497,Margate,51.3813,1.3862,10.73,65,17,3.13,GB,1645069806
498,Dalvik,65.9702,-18.5286,-1.04,89,100,2.48,IS,1645069807
499,Rundu,-17.9333,19.7667,20.72,70,62,1.27,NA,1645069807
500,Vostok,46.4856,135.8833,-12.76,83,100,2.3,RU,1645069808
501,Ostrovnoy,68.0531,39.5131,-13.39,97,89,3.02,RU,1645069808
502,Lensk,60.7253,114.9278,-22.03,91,74,0.75,RU,1645069809
503,Ballina,-28.8667,153.5667,30.02,66,27,5.66,AU,1645069809
504,Ust'-Barguzin,53.45,108.9833,-17.16,88,100,1.0,RU,1645069810
505,Hay River,60.8156,-115.7999,-25.01,77,40,3.09,CA,1645069745
506,Novaya Ladoga,60.1025,32.3019,1.22,95,100,9.06,RU,1645069810
507,Morón,-34.6534,-58.6198,23.86,64,32,5.99,AR,1645069811
508,Grindavik,63.8424,-22.4338,0.26,80,100,7.2,IS,1645069615
509,Acapulco de Juárez,16.8634,-99.8901,25.43,79,0,3.07,MX,1645069812
510,Wasilla,61.5814,-149.4394,2.23,94,100,0.0,US,1645069812
511,Yangi Marg`ilon,40.4272,71.7189,1.4,86,71,1.03,UZ,1645069813
512,St. Pete Beach,27.7253,-82.7412,20.61,74,40,3.6,US,1645069813
513,Darhan,49.4867,105.9228,-15.81,86,100,0.51,MN,1645069814
514,Córdoba,-31.4135,-64.1811,24.86,73,40,4.63,AR,1645069815
515,Hervey Bay,-25.2986,152.8535,30.06,67,82,4.47,AU,1645069815
516,Nyurba,63.2842,118.3319,-25.83,93,94,1.47,RU,1645069816
517,Samarai,-10.6167,150.6667,27.92,77,95,2.49,PG,1645070757
518,Huancavelica,-12.7667,-74.9833,3.73,92,96,0.86,PE,1645070757
519,Lagoa,39.05,-27.9833,16.52,77,95,12.24,PT,1645070757
520,Lázaro Cárdenas,17.9583,-102.2,23.86,81,0,2.27,MX,1645070738
521,Alyangula,-13.8483,136.4192,30.19,66,100,3.62,AU,1645070632
522,Port Keats,-14.25,129.55,33.31,54,53,1.95,AU,1645070759
523,Camacha,33.0833,-16.3333,14.42,67,75,3.09,PT,1645070702
524,Staryy Nadym,65.6118,72.6842,-16.23,95,100,6.09,RU,1645070759
525,Bilma,18.6853,12.9164,19.07,14,66,4.23,NE,1645070760
526,Ainring,47.8167,12.95,13.73,92,75,4.12,DE,1645070760
527,Fomboni,-12.28,43.7425,28.12,73,18,2.54,KM,1645070761
528,Naze,28.3667,129.4833,10.8,70,100,5.1,JP,1645070723
529,Huangmei,30.1924,116.025,2.26,96,100,6.45,CN,1645070761
530,Handiā,25.3833,82.1833,17.93,41,0,2.38,IN,1645070762
531,Súchil,23.6333,-103.9167,10.59,58,9,5.77,MX,1645070762
532,Santa Maria,-29.6842,-53.8069,19.96,63,0,1.96,BR,1645070526
533,Pilar,-9.5972,-35.9567,23.96,85,16,1.74,BR,1645070622
534,Pevek,69.7008,170.3133,-33.79,99,97,2.47,RU,1645070763
535,Harda,22.3333,77.1,24.03,28,69,2.88,IN,1645070632
536,Cottonwood,34.7392,-112.0099,9.62,82,64,0.45,US,1645070764
537,Quelimane,-17.8786,36.8883,24.6,91,90,1.8,MZ,1645070764
538,Paamiut,61.994,-49.6678,-21.15,91,67,5.47,GL,1645070622
539,Lingyuan,41.24,119.4011,-7.29,41,78,3.68,CN,1645070765
540,Khasan,42.4308,130.6434,-4.74,51,81,10.87,RU,1645070766
541,Sokolo,14.7328,-6.1219,20.33,17,2,5.2,ML,1645070766
542,Maningrida,-12.0667,134.2667,31.72,57,70,3.53,AU,1645070767
543,Necochea,-38.5473,-58.7368,15.58,57,10,6.09,AR,1645070735
544,Rome,43.2128,-75.4557,8.92,64,100,2.68,US,1645070722
545,Mana,5.6592,-53.7767,24.97,84,98,5.03,GF,1645070767
546,Uíge,-7.6087,15.0613,18.76,99,100,0.71,AO,1645070768
547,Humberto de Campos,-2.5983,-43.4611,23.76,93,99,1.73,BR,1645070768
548,Lokomotivnyy,53.0118,60.5684,-10.21,86,100,4.28,RU,1645070769
549,Quirinópolis,-18.4483,-50.4517,22.14,87,23,0.82,BR,1645070769
550,Taltal,-25.4,-70.4833,19.28,84,20,1.16,CL,1645070770
551,Chul'man,56.8479,124.9104,-23.76,93,96,0.56,RU,1645070770
